Date,Market,CRUD.L,BRNT.L,DBO,BNO,USO,3175.HK,IAU,GLD,AAAU,SGOL,FTGC,BCD,SLV,CL=F,BZ=F
2026-09-21,HK,16.872,95.39,24.17,58.87,148.16,11.84,81.67,398.38,42.83,41.35,30.9292,39.02,59.63,,
2026-09-21,LSE,16.872,95.39,24.17,58.87,148.16,11.82,81.67,398.38,42.83,41.35,30.9292,39.02,59.63,,
2026-09-21,NY,,,,,,11.84,,,,,,,,,
2026-09-22,HK,16.795,95.31,23.54,57.91,144.08,11.82,82.03,400.07,43.02,41.55,31.0288,39.05,60.73,,
2026-09-22,LSE,16.795,95.31,23.54,57.91,144.08,11.52,82.03,400.07,43.02,41.55,31.0288,39.05,60.73,,
2026-09-22,NY,16.872,95.39,24.17,58.87,148.16,11.82,81.67,398.38,42.83,41.35,30.9292,39.02,59.63,,
2026-09-23,HK,17.096,97.27,24.29,60.36,148.83,11.52,80.52,392.88,42.23,40.77,31.208,39.16,58.16,,
2026-09-23,LSE,17.096,97.27,24.29,60.36,148.83,11.82,80.52,392.88,42.23,40.77,31.208,39.16,58.16,,
2026-09-23,NY,16.795,95.31,23.54,57.91,144.08,11.52,82.03,400.07,43.02,41.55,31.0288,39.05,60.73,,
2026-09-24,HK,17.549,100.69,24.97,61.84,153.09,11.82,80.3,391.69,42.15,40.67,31.37,39.15,57.62,,
2026-09-24,LSE,17.549,100.69,24.97,61.84,153.09,11.74,80.3,391.69,42.15,40.67,31.37,39.15,57.62,,
2026-09-24,NY,17.096,97.27,24.29,60.36,148.83,11.82,80.52,392.88,42.23,40.77,31.208,39.16,58.16,,
2026-09-25,HK,17.096,98.03,24.23,59.65,148.33,11.74,80.66,393.41,42.28,40.83,31.0,38.96,58.14,,
2026-09-25,LSE,17.096,98.03,24.23,59.65,148.33,11.74,80.66,393.41,42.28,40.83,31.0,38.96,58.14,,
2026-09-25,NY,17.549,100.69,24.97,61.84,153.09,11.74,80.3,391.69,42.15,40.67,31.37,39.15,57.62,,
2026-09-28,HK,17.258,98.61,24.45,60.33,150.01,11.87,77.5,377.91,40.65,39.23,30.695,38.58,54.95,,
2026-09-28,LSE,17.258,98.61,24.45,60.33,150.01,11.8,77.5,377.91,40.65,39.23,30.695,38.58,54.95,,
2026-09-28,NY,17.096,98.03,24.23,59.65,148.33,11.87,80.66,393.41,42.28,40.83,31.0,38.96,58.14,,
2026-09-29,HK,16.8885,95.95,23.38,58.75,143.35,11.8,78.52,382.89,41.16,39.76,30.47,38.42,55.48,93.43,98.74
2026-09-29,LSE,16.8885,95.95,23.38,58.75,143.35,11.57,78.52,382.89,41.16,39.76,30.47,38.42,55.48,90.27,96.84
2026-09-29,NY,17.258,98.61,24.45,60.33,150.01,11.8,77.5,377.91,40.65,39.23,30.695,38.58,54.95,,
2026-09-30,HK,17.1275,98.2,23.75,60.09,145.66,11.57,78.1,380.84,40.96,39.56,30.59,38.47,54.51,89.6,96.1
2026-09-30,LSE,17.1275,98.2,23.75,60.09,145.66,11.57,78.1,380.84,40.96,39.56,30.59,38.47,54.51,91.47,98.99
2026-09-30,NY,16.8885,95.95,23.38,58.75,143.35,11.57,78.52,382.89,41.16,39.76,30.47,38.42,55.48,88.94,95.67
2026-10-01,HK,17.286,100.23,24.5,62.95,150.02,11.57,78.47,382.76,41.15,39.74,30.76,38.49,55.02,92.4,99.97
2026-10-01,LSE,17.286,100.23,24.5,62.95,150.02,11.73,78.47,382.76,41.15,39.74,30.76,38.49,55.02,91.74,100.83
2026-10-01,NY,17.1275,98.2,23.75,60.09,145.66,11.57,78.1,380.84,40.96,39.56,30.59,38.47,54.51,90.34,97.92
2026-10-02,HK,16.916,99.18,24.0,63.1,147.37,11.73,77.95,380.14,40.88,39.46,30.648,38.47,54.74,90.22,100.35
2026-10-02,LSE,16.916,99.18,24.0,63.1,147.37,11.73,77.95,380.14,40.88,39.46,30.648,38.47,54.74,91.37,102.12
2026-10-02,NY,17.286,100.23,24.5,62.95,150.02,11.73,78.47,382.76,41.15,39.74,30.76,38.49,55.02,92.91,102.21
2026-10-05,HK,17.14,100.84,23.46,61.45,143.99,11.67,77.82,379.55,40.81,39.42,30.665,38.63,55.13,89.56,100.99
2026-10-05,LSE,17.14,100.84,23.46,61.45,143.99,11.61,77.82,379.55,40.81,39.42,30.665,38.63,55.13,90.09,100.89
2026-10-05,NY,16.916,99.18,24.0,63.1,147.37,11.67,77.95,380.14,40.88,39.46,30.648,38.47,54.74,91.11,102.25
2026-10-06,HK,16.872,98.35,23.64,61.93,144.91,11.61,78.37,382.27,41.09,39.68,31.025,38.98,55.45,88.54,99.86
2026-10-06,LSE,16.872,98.35,23.64,61.93,144.91,11.81,78.37,382.27,41.09,39.68,31.025,38.98,55.45,89.55,100.04
2026-10-06,NY,17.14,100.84,23.46,61.45,143.99,11.61,77.82,379.55,40.81,39.42,30.665,38.63,55.13,89.3,100.32
2026-10-07,HK,17.128,100.54,23.54,61.9,143.91,11.81,77.06,375.88,40.42,39.02,30.872,38.88,53.82,89.65,100.96
2026-10-07,LSE,17.128,100.54,23.54,61.9,143.91,11.81,77.06,375.88,40.42,39.02,30.872,38.88,53.82,88.95,100.85
2026-10-07,NY,16.872,98.35,23.64,61.93,144.91,11.81,78.37,382.27,41.09,39.68,31.025,38.98,55.45,89.91,101.15
2026-10-08,HK,,,24.13,63.64,147.58,11.81,77.66,378.62,40.72,39.31,30.97,39.02,53.45,91.68,104.27
2026-10-08,LSE,,,24.13,63.64,147.58,11.94,77.66,378.62,40.72,39.31,30.97,39.02,53.45,91.03,103.79
2026-10-08,NY,17.128,100.54,23.54,61.9,143.91,11.81,77.06,375.88,40.42,39.02,30.872,38.88,53.82,88.94,100.95
